policy,sampling_strategy,seed,type,instance,nnodes,nlps,stime,gap,status,ndomchgs,ncutoffs,walltime,proctime
gcnn:baseline,uniform5,0,medium,data/instances/setcover/transfer_1000r_1000c_0.05d/instance_1.lp,1081,1630,23.09,0.0,optimal,0,0,24.0228618,24.0625
gcnn:baseline,uniform5,1,medium,data/instances/setcover/transfer_1000r_1000c_0.05d/instance_1.lp,974,1556,21.58,0.0,optimal,0,0,22.4025686,22.359375
gcnn:baseline,uniform5,2,medium,data/instances/setcover/transfer_1000r_1000c_0.05d/instance_1.lp,900,1379,20.42,0.0,optimal,0,0,21.238036300000005,21.0625
gcnn:baseline,uniform5,3,medium,data/instances/setcover/transfer_1000r_1000c_0.05d/instance_1.lp,897,1374,21.1,0.0,optimal,0,0,21.90697089999999,21.796875
gcnn:baseline,uniform5,4,medium,data/instances/setcover/transfer_1000r_1000c_0.05d/instance_1.lp,1266,1825,25.39,0.0,optimal,0,0,26.661225900000005,26.375
gcnn:baseline,depthK,0,medium,data/instances/setcover/transfer_1000r_1000c_0.05d/instance_1.lp,905,1400,20.09,0.0,optimal,0,0,21.0102191,20.90625
gcnn:baseline,depthK,1,medium,data/instances/setcover/transfer_1000r_1000c_0.05d/instance_1.lp,959,1801,21.24,0.0,optimal,0,0,22.12864190000002,21.96875
gcnn:baseline,depthK,2,medium,data/instances/setcover/transfer_1000r_1000c_0.05d/instance_1.lp,878,1465,20.02,0.0,optimal,0,0,20.794400999999993,20.765625
gcnn:baseline,depthK,3,medium,data/instances/setcover/transfer_1000r_1000c_0.05d/instance_1.lp,1075,1685,23.58,0.0,optimal,0,0,24.6048361,24.515625
gcnn:baseline,depthK,4,medium,data/instances/setcover/transfer_1000r_1000c_0.05d/instance_1.lp,1005,1761,21.99,0.0,optimal,0,0,23.088541099999986,22.828125
gcnn:baseline,depthK2,0,medium,data/instances/setcover/transfer_1000r_1000c_0.05d/instance_1.lp,1126,1572,24.22,0.0,optimal,0,0,25.213120000000004,25.03125
gcnn:baseline,depthK2,1,medium,data/instances/setcover/transfer_1000r_1000c_0.05d/instance_1.lp,1062,1658,22.36,0.0,optimal,0,0,23.621432900000002,23.40625
gcnn:baseline,depthK2,2,medium,data/instances/setcover/transfer_1000r_1000c_0.05d/instance_1.lp,880,1377,20.0,0.0,optimal,0,0,20.8502565,20.71875
gcnn:baseline,depthK2,3,medium,data/instances/setcover/transfer_1000r_1000c_0.05d/instance_1.lp,1175,1734,24.62,0.0,optimal,0,0,25.667090700000017,25.5
gcnn:baseline,depthK2,4,medium,data/instances/setcover/transfer_1000r_1000c_0.05d/instance_1.lp,1010,1607,22.33,0.0,optimal,0,0,23.445366799999988,23.140625
gcnn:baseline,depthK_adaptive,0,medium,data/instances/setcover/transfer_1000r_1000c_0.05d/instance_1.lp,1025,1497,21.84,0.0,optimal,0,0,22.916898800000013,22.5625
gcnn:baseline,depthK_adaptive,1,medium,data/instances/setcover/transfer_1000r_1000c_0.05d/instance_1.lp,1026,1515,21.72,0.0,optimal,0,0,22.7539261,22.375
gcnn:baseline,depthK_adaptive,2,medium,data/instances/setcover/transfer_1000r_1000c_0.05d/instance_1.lp,1061,1735,23.03,0.0,optimal,0,0,24.27341839999997,23.890625
gcnn:baseline,depthK_adaptive,3,medium,data/instances/setcover/transfer_1000r_1000c_0.05d/instance_1.lp,939,1507,21.75,0.0,optimal,0,0,22.72031089999996,22.53125
gcnn:baseline,depthK_adaptive,4,medium,data/instances/setcover/transfer_1000r_1000c_0.05d/instance_1.lp,1233,2010,25.97,0.0,optimal,0,0,27.048999399999957,26.796875
gcnn:baseline,depthK_adaptive2,0,medium,data/instances/setcover/transfer_1000r_1000c_0.05d/instance_1.lp,1167,1857,24.97,0.0,optimal,0,0,26.046197699999993,25.921875
gcnn:baseline,depthK_adaptive2,1,medium,data/instances/setcover/transfer_1000r_1000c_0.05d/instance_1.lp,958,1581,21.78,0.0,optimal,0,0,22.626393399999984,22.46875
gcnn:baseline,depthK_adaptive2,2,medium,data/instances/setcover/transfer_1000r_1000c_0.05d/instance_1.lp,974,1481,21.17,0.0,optimal,0,0,21.985641600000008,21.953125
gcnn:baseline,depthK_adaptive2,3,medium,data/instances/setcover/transfer_1000r_1000c_0.05d/instance_1.lp,934,1438,21.52,0.0,optimal,0,0,22.45939169999997,22.125
gcnn:baseline,depthK_adaptive2,4,medium,data/instances/setcover/transfer_1000r_1000c_0.05d/instance_1.lp,1188,1873,24.75,0.0,optimal,0,0,26.13732779999998,25.640625
gcnn:baseline,uniform5,0,medium,data/instances/setcover/transfer_1000r_1000c_0.05d/instance_2.lp,3697,4792,58.53,0.0,optimal,0,0,62.2466715999999,60.796875
gcnn:baseline,uniform5,1,medium,data/instances/setcover/transfer_1000r_1000c_0.05d/instance_2.lp,3903,5004,61.12,0.0,optimal,0,0,63.881198100000006,63.4375
gcnn:baseline,uniform5,2,medium,data/instances/setcover/transfer_1000r_1000c_0.05d/instance_2.lp,3723,4845,58.03,0.0,optimal,0,0,60.86971900000003,60.15625
gcnn:baseline,uniform5,3,medium,data/instances/setcover/transfer_1000r_1000c_0.05d/instance_2.lp,3581,4769,57.11,0.0,optimal,0,0,59.873775900000055,59.078125
gcnn:baseline,uniform5,4,medium,data/instances/setcover/transfer_1000r_1000c_0.05d/instance_2.lp,3941,5197,61.16,0.0,optimal,0,0,64.5913653,64.046875
gcnn:baseline,depthK,0,medium,data/instances/setcover/transfer_1000r_1000c_0.05d/instance_2.lp,4285,5512,66.13,0.0,optimal,0,0,69.5895137,69.015625
gcnn:baseline,depthK,1,medium,data/instances/setcover/transfer_1000r_1000c_0.05d/instance_2.lp,4531,5732,67.75,0.0,optimal,0,0,71.46509860000003,70.609375
gcnn:baseline,depthK,2,medium,data/instances/setcover/transfer_1000r_1000c_0.05d/instance_2.lp,4029,5017,60.98,0.0,optimal,0,0,63.95688659999996,63.453125
gcnn:baseline,depthK,3,medium,data/instances/setcover/transfer_1000r_1000c_0.05d/instance_2.lp,4249,5511,66.18,0.0,optimal,0,0,69.88521909999986,68.953125
gcnn:baseline,depthK,4,medium,data/instances/setcover/transfer_1000r_1000c_0.05d/instance_2.lp,4121,5583,63.89,0.0,optimal,0,0,67.50400579999996,66.28125
gcnn:baseline,depthK2,0,medium,data/instances/setcover/transfer_1000r_1000c_0.05d/instance_2.lp,3727,4563,57.18,0.0,optimal,0,0,60.73139100000003,59.3125
gcnn:baseline,depthK2,1,medium,data/instances/setcover/transfer_1000r_1000c_0.05d/instance_2.lp,3553,4672,55.09,0.0,optimal,0,0,58.814603199999965,57.34375
gcnn:baseline,depthK2,2,medium,data/instances/setcover/transfer_1000r_1000c_0.05d/instance_2.lp,4149,5425,63.47,0.0,optimal,0,0,66.71522590000018,65.640625
gcnn:baseline,depthK2,3,medium,data/instances/setcover/transfer_1000r_1000c_0.05d/instance_2.lp,4149,5577,64.72,0.0,optimal,0,0,68.31135069999982,67.484375
gcnn:baseline,depthK2,4,medium,data/instances/setcover/transfer_1000r_1000c_0.05d/instance_2.lp,3599,4734,56.36,0.0,optimal,0,0,59.78019560000007,59.0
gcnn:baseline,depthK_adaptive,0,medium,data/instances/setcover/transfer_1000r_1000c_0.05d/instance_2.lp,3764,4766,60.19,0.0,optimal,0,0,62.96523120000006,62.1875
gcnn:baseline,depthK_adaptive,1,medium,data/instances/setcover/transfer_1000r_1000c_0.05d/instance_2.lp,3587,4881,57.35,0.0,optimal,0,0,60.51121510000007,59.65625
gcnn:baseline,depthK_adaptive,2,medium,data/instances/setcover/transfer_1000r_1000c_0.05d/instance_2.lp,3973,5404,62.38,0.0,optimal,0,0,65.27584879999995,64.40625
gcnn:baseline,depthK_adaptive,3,medium,data/instances/setcover/transfer_1000r_1000c_0.05d/instance_2.lp,3911,5222,60.91,0.0,optimal,0,0,64.12334139999984,63.53125
gcnn:baseline,depthK_adaptive,4,medium,data/instances/setcover/transfer_1000r_1000c_0.05d/instance_2.lp,4077,5423,63.87,0.0,optimal,0,0,67.27015329999995,66.390625
gcnn:baseline,depthK_adaptive2,0,medium,data/instances/setcover/transfer_1000r_1000c_0.05d/instance_2.lp,3675,4723,58.31,0.0,optimal,0,0,61.42768439999986,60.625
gcnn:baseline,depthK_adaptive2,1,medium,data/instances/setcover/transfer_1000r_1000c_0.05d/instance_2.lp,5745,7660,87.96,0.0,optimal,0,0,92.52436509999984,91.671875
gcnn:baseline,depthK_adaptive2,2,medium,data/instances/setcover/transfer_1000r_1000c_0.05d/instance_2.lp,3845,5275,60.14,0.0,optimal,0,0,63.36491490000003,62.4375
gcnn:baseline,depthK_adaptive2,3,medium,data/instances/setcover/transfer_1000r_1000c_0.05d/instance_2.lp,3487,4652,55.24,0.0,optimal,0,0,58.42301249999991,57.5625
gcnn:baseline,depthK_adaptive2,4,medium,data/instances/setcover/transfer_1000r_1000c_0.05d/instance_2.lp,3835,4948,59.5,0.0,optimal,0,0,62.46796369999993,61.953125
gcnn:baseline,uniform5,0,medium,data/instances/setcover/transfer_1000r_1000c_0.05d/instance_3.lp,7829,9285,114.17,0.0,optimal,0,0,120.26369260000001,118.421875
gcnn:baseline,uniform5,1,medium,data/instances/setcover/transfer_1000r_1000c_0.05d/instance_3.lp,7793,9648,113.86,0.0,optimal,0,0,119.82826990000012,118.375
gcnn:baseline,uniform5,2,medium,data/instances/setcover/transfer_1000r_1000c_0.05d/instance_3.lp,8253,9842,118.48,0.0,optimal,0,0,125.48761999999988,123.171875
gcnn:baseline,uniform5,3,medium,data/instances/setcover/transfer_1000r_1000c_0.05d/instance_3.lp,7409,8845,107.89,0.0,optimal,0,0,113.72599750000018,112.21875
gcnn:baseline,uniform5,4,medium,data/instances/setcover/transfer_1000r_1000c_0.05d/instance_3.lp,8649,10269,125.15,0.0,optimal,0,0,131.69105050000007,130.03125
gcnn:baseline,depthK,0,medium,data/instances/setcover/transfer_1000r_1000c_0.05d/instance_3.lp,7993,9677,115.92,0.0,optimal,0,0,121.7511884999999,120.375
gcnn:baseline,depthK,1,medium,data/instances/setcover/transfer_1000r_1000c_0.05d/instance_3.lp,9389,11019,131.56,0.0,optimal,0,0,138.83071259999997,136.90625
gcnn:baseline,depthK,2,medium,data/instances/setcover/transfer_1000r_1000c_0.05d/instance_3.lp,8218,9746,118.68,0.0,optimal,0,0,124.65972899999997,122.828125
gcnn:baseline,depthK,3,medium,data/instances/setcover/transfer_1000r_1000c_0.05d/instance_3.lp,8697,9982,124.3,0.0,optimal,0,0,130.92988950000017,129.21875
gcnn:baseline,depthK,4,medium,data/instances/setcover/transfer_1000r_1000c_0.05d/instance_3.lp,8255,9596,117.75,0.0,optimal,0,0,124.35854190000009,122.671875
gcnn:baseline,depthK2,0,medium,data/instances/setcover/transfer_1000r_1000c_0.05d/instance_3.lp,8491,9893,122.72,0.0,optimal,0,0,128.79612169999973,127.796875
gcnn:baseline,depthK2,1,medium,data/instances/setcover/transfer_1000r_1000c_0.05d/instance_3.lp,8873,10492,127.32,0.0,optimal,0,0,133.98737170000004,132.21875
gcnn:baseline,depthK2,2,medium,data/instances/setcover/transfer_1000r_1000c_0.05d/instance_3.lp,8816,11144,127.66,0.0,optimal,0,0,134.84002490000012,132.640625
gcnn:baseline,depthK2,3,medium,data/instances/setcover/transfer_1000r_1000c_0.05d/instance_3.lp,8887,10595,129.51,0.0,optimal,0,0,136.72862059999989,134.71875
gcnn:baseline,depthK2,4,medium,data/instances/setcover/transfer_1000r_1000c_0.05d/instance_3.lp,8073,9627,118.12,0.0,optimal,0,0,124.13315770000008,122.34375
gcnn:baseline,depthK_adaptive,0,medium,data/instances/setcover/transfer_1000r_1000c_0.05d/instance_3.lp,8227,9649,118.92,0.0,optimal,0,0,125.82096309999997,124.328125
gcnn:baseline,depthK_adaptive,1,medium,data/instances/setcover/transfer_1000r_1000c_0.05d/instance_3.lp,8135,9481,117.28,0.0,optimal,0,0,123.67515809999986,121.90625
gcnn:baseline,depthK_adaptive,2,medium,data/instances/setcover/transfer_1000r_1000c_0.05d/instance_3.lp,8653,10906,127.28,0.0,optimal,0,0,133.61814050000066,132.53125
gcnn:baseline,depthK_adaptive,3,medium,data/instances/setcover/transfer_1000r_1000c_0.05d/instance_3.lp,9151,10584,132.35,0.0,optimal,0,0,139.00201509999988,137.78125
gcnn:baseline,depthK_adaptive,4,medium,data/instances/setcover/transfer_1000r_1000c_0.05d/instance_3.lp,9323,11012,134.25,0.0,optimal,0,0,142.16548280000006,139.828125
gcnn:baseline,depthK_adaptive2,0,medium,data/instances/setcover/transfer_1000r_1000c_0.05d/instance_3.lp,8027,9671,116.5,0.0,optimal,0,0,123.15002949999962,121.265625
gcnn:baseline,depthK_adaptive2,1,medium,data/instances/setcover/transfer_1000r_1000c_0.05d/instance_3.lp,9685,11356,139.5,0.0,optimal,0,0,146.8035218999994,145.09375
gcnn:baseline,depthK_adaptive2,2,medium,data/instances/setcover/transfer_1000r_1000c_0.05d/instance_3.lp,7930,9468,115.63,0.0,optimal,0,0,122.02395660000002,120.625
gcnn:baseline,depthK_adaptive2,3,medium,data/instances/setcover/transfer_1000r_1000c_0.05d/instance_3.lp,7433,8848,109.11,0.0,optimal,0,0,115.05843110000023,113.390625
gcnn:baseline,depthK_adaptive2,4,medium,data/instances/setcover/transfer_1000r_1000c_0.05d/instance_3.lp,8625,10230,124.89,0.0,optimal,0,0,131.76708679999956,129.921875
gcnn:baseline,uniform5,0,medium,data/instances/setcover/transfer_1000r_1000c_0.05d/instance_4.lp,15293,17890,223.73,0.0,optimal,0,0,236.59967799999959,233.171875
gcnn:baseline,uniform5,1,medium,data/instances/setcover/transfer_1000r_1000c_0.05d/instance_4.lp,12496,14361,181.75,0.0,optimal,0,0,191.1375126999992,188.625
gcnn:baseline,uniform5,2,medium,data/instances/setcover/transfer_1000r_1000c_0.05d/instance_4.lp,12518,14718,182.36,0.0,optimal,0,0,192.86056499999995,190.125
gcnn:baseline,uniform5,3,medium,data/instances/setcover/transfer_1000r_1000c_0.05d/instance_4.lp,11937,14265,175.53,0.0,optimal,0,0,185.0847576999995,182.90625
gcnn:baseline,uniform5,4,medium,data/instances/setcover/transfer_1000r_1000c_0.05d/instance_4.lp,14299,16737,207.41,0.0,optimal,0,0,218.2639939999999,215.328125
gcnn:baseline,depthK,0,medium,data/instances/setcover/transfer_1000r_1000c_0.05d/instance_4.lp,12213,14780,179.67,0.0,optimal,0,0,189.41151880000052,186.703125
gcnn:baseline,depthK,1,medium,data/instances/setcover/transfer_1000r_1000c_0.05d/instance_4.lp,17254,21172,249.93,0.0,optimal,0,0,262.99551209999936,259.53125
gcnn:baseline,depthK,2,medium,data/instances/setcover/transfer_1000r_1000c_0.05d/instance_4.lp,13907,18131,205.59,0.0,optimal,0,0,216.24358870000015,213.375
gcnn:baseline,depthK,3,medium,data/instances/setcover/transfer_1000r_1000c_0.05d/instance_4.lp,12039,14410,179.88,0.0,optimal,0,0,188.8863292999995,186.703125
gcnn:baseline,depthK,4,medium,data/instances/setcover/transfer_1000r_1000c_0.05d/instance_4.lp,14147,17247,206.14,0.0,optimal,0,0,218.4574507999996,214.953125
gcnn:baseline,depthK2,0,medium,data/instances/setcover/transfer_1000r_1000c_0.05d/instance_4.lp,15070,18262,221.55,0.0,optimal,0,0,232.53735810000035,229.921875
gcnn:baseline,depthK2,1,medium,data/instances/setcover/transfer_1000r_1000c_0.05d/instance_4.lp,15747,18932,229.75,0.0,optimal,0,0,241.75497340000038,238.734375
gcnn:baseline,depthK2,2,medium,data/instances/setcover/transfer_1000r_1000c_0.05d/instance_4.lp,13399,15999,193.62,0.0,optimal,0,0,204.9830066000004,201.21875
gcnn:baseline,depthK2,3,medium,data/instances/setcover/transfer_1000r_1000c_0.05d/instance_4.lp,17465,19977,251.22,0.0,optimal,0,0,264.53943040000013,260.75
gcnn:baseline,depthK2,4,medium,data/instances/setcover/transfer_1000r_1000c_0.05d/instance_4.lp,14583,18216,217.21,0.0,optimal,0,0,228.2305309000003,225.390625
gcnn:baseline,depthK_adaptive,0,medium,data/instances/setcover/transfer_1000r_1000c_0.05d/instance_4.lp,17011,19600,246.27,0.0,optimal,0,0,259.28161,256.171875
gcnn:baseline,depthK_adaptive,1,medium,data/instances/setcover/transfer_1000r_1000c_0.05d/instance_4.lp,14421,17410,211.32,0.0,optimal,0,0,222.2874240000001,219.3125
gcnn:baseline,depthK_adaptive,2,medium,data/instances/setcover/transfer_1000r_1000c_0.05d/instance_4.lp,15488,18483,226.72,0.0,optimal,0,0,238.66816289999952,236.125
gcnn:baseline,depthK_adaptive,3,medium,data/instances/setcover/transfer_1000r_1000c_0.05d/instance_4.lp,15494,18302,228.68,0.0,optimal,0,0,240.24672270000156,237.234375
gcnn:baseline,depthK_adaptive,4,medium,data/instances/setcover/transfer_1000r_1000c_0.05d/instance_4.lp,14082,17110,209.76,0.0,optimal,0,0,221.45305969999936,218.09375
gcnn:baseline,depthK_adaptive2,0,medium,data/instances/setcover/transfer_1000r_1000c_0.05d/instance_4.lp,15526,18110,221.23,0.0,optimal,0,0,235.6470107999994,230.703125
gcnn:baseline,depthK_adaptive2,1,medium,data/instances/setcover/transfer_1000r_1000c_0.05d/instance_4.lp,16579,19361,241.28,0.0,optimal,0,0,253.7335506999989,250.84375
gcnn:baseline,depthK_adaptive2,2,medium,data/instances/setcover/transfer_1000r_1000c_0.05d/instance_4.lp,12297,14552,180.94,0.0,optimal,0,0,191.13456450000012,188.21875
gcnn:baseline,depthK_adaptive2,3,medium,data/instances/setcover/transfer_1000r_1000c_0.05d/instance_4.lp,11297,13066,163.6,0.0,optimal,0,0,174.57962299999963,170.484375
gcnn:baseline,depthK_adaptive2,4,medium,data/instances/setcover/transfer_1000r_1000c_0.05d/instance_4.lp,13857,15893,201.13,0.0,optimal,0,0,213.11363259999962,209.21875
gcnn:baseline,uniform5,0,medium,data/instances/setcover/transfer_1000r_1000c_0.05d/instance_5.lp,901,1262,16.96,0.0,optimal,0,0,17.868236300000717,17.703125
gcnn:baseline,uniform5,1,medium,data/instances/setcover/transfer_1000r_1000c_0.05d/instance_5.lp,861,1292,16.58,0.0,optimal,0,0,17.445916399999987,17.203125
gcnn:baseline,uniform5,2,medium,data/instances/setcover/transfer_1000r_1000c_0.05d/instance_5.lp,767,1156,15.41,0.0,optimal,0,0,16.15149179999935,16.046875
gcnn:baseline,uniform5,3,medium,data/instances/setcover/transfer_1000r_1000c_0.05d/instance_5.lp,743,1069,15.21,0.0,optimal,0,0,15.765394600000946,15.671875
gcnn:baseline,uniform5,4,medium,data/instances/setcover/transfer_1000r_1000c_0.05d/instance_5.lp,905,1318,16.75,0.0,optimal,0,0,17.71540289999939,17.5
gcnn:baseline,depthK,0,medium,data/instances/setcover/transfer_1000r_1000c_0.05d/instance_5.lp,825,1218,16.2,0.0,optimal,0,0,16.89042849999896,16.796875
gcnn:baseline,depthK,1,medium,data/instances/setcover/transfer_1000r_1000c_0.05d/instance_5.lp,1051,1476,19.22,0.0,optimal,0,0,20.2178784000007,20.015625
gcnn:baseline,depthK,2,medium,data/instances/setcover/transfer_1000r_1000c_0.05d/instance_5.lp,1115,1562,19.78,0.0,optimal,0,0,20.91231599999992,20.671875
gcnn:baseline,depthK,3,medium,data/instances/setcover/transfer_1000r_1000c_0.05d/instance_5.lp,855,1264,16.58,0.0,optimal,0,0,17.415216199999122,17.234375
gcnn:baseline,depthK,4,medium,data/instances/setcover/transfer_1000r_1000c_0.05d/instance_5.lp,763,1132,15.2,0.0,optimal,0,0,15.974185999999463,15.8125
gcnn:baseline,depthK2,0,medium,data/instances/setcover/transfer_1000r_1000c_0.05d/instance_5.lp,903,1317,16.93,0.0,optimal,0,0,17.723951300000408,17.578125
gcnn:baseline,depthK2,1,medium,data/instances/setcover/transfer_1000r_1000c_0.05d/instance_5.lp,1049,1519,19.25,0.0,optimal,0,0,20.417417399999977,20.125
gcnn:baseline,depthK2,2,medium,data/instances/setcover/transfer_1000r_1000c_0.05d/instance_5.lp,999,1429,18.08,0.0,optimal,0,0,19.136068600000726,18.921875
gcnn:baseline,depthK2,3,medium,data/instances/setcover/transfer_1000r_1000c_0.05d/instance_5.lp,1059,1530,19.17,0.0,optimal,0,0,20.101429299998927,20.015625
gcnn:baseline,depthK2,4,medium,data/instances/setcover/transfer_1000r_1000c_0.05d/instance_5.lp,975,1355,17.78,0.0,optimal,0,0,18.63380700000016,18.5
gcnn:baseline,depthK_adaptive,0,medium,data/instances/setcover/transfer_1000r_1000c_0.05d/instance_5.lp,833,1148,16.28,0.0,optimal,0,0,16.888550400000895,16.78125
gcnn:baseline,depthK_adaptive,1,medium,data/instances/setcover/transfer_1000r_1000c_0.05d/instance_5.lp,841,1257,16.19,0.0,optimal,0,0,16.994037300000855,16.796875
gcnn:baseline,depthK_adaptive,2,medium,data/instances/setcover/transfer_1000r_1000c_0.05d/instance_5.lp,889,1304,17.25,0.0,optimal,0,0,17.981843800000206,17.890625
gcnn:baseline,depthK_adaptive,3,medium,data/instances/setcover/transfer_1000r_1000c_0.05d/instance_5.lp,865,1275,16.56,0.0,optimal,0,0,17.394771400000536,17.21875
gcnn:baseline,depthK_adaptive,4,medium,data/instances/setcover/transfer_1000r_1000c_0.05d/instance_5.lp,975,1398,17.59,0.0,optimal,0,0,18.707666599999357,18.328125
gcnn:baseline,depthK_adaptive2,0,medium,data/instances/setcover/transfer_1000r_1000c_0.05d/instance_5.lp,913,1342,17.46,0.0,optimal,0,0,18.32952479999949,18.140625
gcnn:baseline,depthK_adaptive2,1,medium,data/instances/setcover/transfer_1000r_1000c_0.05d/instance_5.lp,971,1446,17.8,0.0,optimal,0,0,19.044659199998932,18.484375
gcnn:baseline,depthK_adaptive2,2,medium,data/instances/setcover/transfer_1000r_1000c_0.05d/instance_5.lp,717,1095,14.66,0.0,optimal,0,0,15.408246299999519,15.15625
gcnn:baseline,depthK_adaptive2,3,medium,data/instances/setcover/transfer_1000r_1000c_0.05d/instance_5.lp,723,1095,14.81,0.0,optimal,0,0,15.553154299999733,15.4375
gcnn:baseline,depthK_adaptive2,4,medium,data/instances/setcover/transfer_1000r_1000c_0.05d/instance_5.lp,807,1243,16.03,0.0,optimal,0,0,16.844735999999102,16.640625
gcnn:baseline,uniform5,0,medium,data/instances/setcover/transfer_1000r_1000c_0.05d/instance_6.lp,2135,3093,38.22,0.0,optimal,0,0,39.992378999999346,39.703125
gcnn:baseline,uniform5,1,medium,data/instances/setcover/transfer_1000r_1000c_0.05d/instance_6.lp,2026,2969,36.53,0.0,optimal,0,0,38.19369110000116,37.921875
gcnn:baseline,uniform5,2,medium,data/instances/setcover/transfer_1000r_1000c_0.05d/instance_6.lp,1856,2799,36.11,0.0,optimal,0,0,37.72180689999914,37.1875
gcnn:baseline,uniform5,3,medium,data/instances/setcover/transfer_1000r_1000c_0.05d/instance_6.lp,2019,2753,38.91,0.0,optimal,0,0,40.85371640000085,40.578125
gcnn:baseline,uniform5,4,medium,data/instances/setcover/transfer_1000r_1000c_0.05d/instance_6.lp,2334,3185,42.38,0.0,optimal,0,0,44.6628182000004,44.3125
gcnn:baseline,depthK,0,medium,data/instances/setcover/transfer_1000r_1000c_0.05d/instance_6.lp,2177,3119,39.43,0.0,optimal,0,0,41.49005120000038,41.015625
gcnn:baseline,depthK,1,medium,data/instances/setcover/transfer_1000r_1000c_0.05d/instance_6.lp,2397,3364,42.68,0.0,optimal,0,0,44.865892600000734,44.203125
gcnn:baseline,depthK,2,medium,data/instances/setcover/transfer_1000r_1000c_0.05d/instance_6.lp,2290,3054,41.88,0.0,optimal,0,0,43.80448409999917,43.3125
gcnn:baseline,depthK,3,medium,data/instances/setcover/transfer_1000r_1000c_0.05d/instance_6.lp,1897,2705,35.36,0.0,optimal,0,0,37.42692830000124,36.59375
gcnn:baseline,depthK,4,medium,data/instances/setcover/transfer_1000r_1000c_0.05d/instance_6.lp,1995,2793,36.32,0.0,optimal,0,0,38.54481670000132,37.734375
gcnn:baseline,depthK2,0,medium,data/instances/setcover/transfer_1000r_1000c_0.05d/instance_6.lp,2051,2895,35.98,0.0,optimal,0,0,37.9459534000016,37.296875
gcnn:baseline,depthK2,1,medium,data/instances/setcover/transfer_1000r_1000c_0.05d/instance_6.lp,2336,3075,39.79,0.0,optimal,0,0,41.83825260000049,41.359375
gcnn:baseline,depthK2,2,medium,data/instances/setcover/transfer_1000r_1000c_0.05d/instance_6.lp,2466,3729,45.72,0.0,optimal,0,0,47.6648325999995,47.390625
gcnn:baseline,depthK2,3,medium,data/instances/setcover/transfer_1000r_1000c_0.05d/instance_6.lp,2221,3266,41.87,0.0,optimal,0,0,43.688736599999174,43.453125
gcnn:baseline,depthK2,4,medium,data/instances/setcover/transfer_1000r_1000c_0.05d/instance_6.lp,2514,3389,45.35,0.0,optimal,0,0,47.59853389999989,47.203125
gcnn:baseline,depthK_adaptive,0,medium,data/instances/setcover/transfer_1000r_1000c_0.05d/instance_6.lp,2017,2784,35.61,0.0,optimal,0,0,37.627112100000886,37.265625
gcnn:baseline,depthK_adaptive,1,medium,data/instances/setcover/transfer_1000r_1000c_0.05d/instance_6.lp,2334,3176,40.7,0.0,optimal,0,0,42.51854060000005,42.171875
gcnn:baseline,depthK_adaptive,2,medium,data/instances/setcover/transfer_1000r_1000c_0.05d/instance_6.lp,2147,3074,39.49,0.0,optimal,0,0,41.4375256000003,40.90625
gcnn:baseline,depthK_adaptive,3,medium,data/instances/setcover/transfer_1000r_1000c_0.05d/instance_6.lp,2151,3132,39.8,0.0,optimal,0,0,41.8548824999998,41.4375
gcnn:baseline,depthK_adaptive,4,medium,data/instances/setcover/transfer_1000r_1000c_0.05d/instance_6.lp,2802,3902,48.69,0.0,optimal,0,0,51.84725500000059,50.625
gcnn:baseline,depthK_adaptive2,0,medium,data/instances/setcover/transfer_1000r_1000c_0.05d/instance_6.lp,2141,3058,37.56,0.0,optimal,0,0,39.83350309999878,39.125
gcnn:baseline,depthK_adaptive2,1,medium,data/instances/setcover/transfer_1000r_1000c_0.05d/instance_6.lp,2977,3826,50.53,0.0,optimal,0,0,53.29666250000082,52.359375
gcnn:baseline,depthK_adaptive2,2,medium,data/instances/setcover/transfer_1000r_1000c_0.05d/instance_6.lp,2173,3042,40.61,0.0,optimal,0,0,42.546709800000826,41.9375
gcnn:baseline,depthK_adaptive2,3,medium,data/instances/setcover/transfer_1000r_1000c_0.05d/instance_6.lp,1915,2645,35.44,0.0,optimal,0,0,37.38814900000034,36.9375
gcnn:baseline,depthK_adaptive2,4,medium,data/instances/setcover/transfer_1000r_1000c_0.05d/instance_6.lp,2741,3469,47.54,0.0,optimal,0,0,50.389155500000925,49.671875
gcnn:baseline,uniform5,0,medium,data/instances/setcover/transfer_1000r_1000c_0.05d/instance_7.lp,55532,61387,763.37,0.0,optimal,0,0,804.6606209000001,794.484375
gcnn:baseline,uniform5,1,medium,data/instances/setcover/transfer_1000r_1000c_0.05d/instance_7.lp,46501,52332,638.3,0.0,optimal,0,0,673.9769883999998,663.65625
gcnn:baseline,uniform5,2,medium,data/instances/setcover/transfer_1000r_1000c_0.05d/instance_7.lp,44898,50042,612.02,0.0,optimal,0,0,647.7312605000006,635.78125
gcnn:baseline,uniform5,3,medium,data/instances/setcover/transfer_1000r_1000c_0.05d/instance_7.lp,42793,51792,595.73,0.0,optimal,0,0,631.7848054000006,619.234375
gcnn:baseline,uniform5,4,medium,data/instances/setcover/transfer_1000r_1000c_0.05d/instance_7.lp,47148,52924,647.62,0.0,optimal,0,0,682.489163100001,673.609375
gcnn:baseline,depthK,0,medium,data/instances/setcover/transfer_1000r_1000c_0.05d/instance_7.lp,52374,58201,705.1,0.0,optimal,0,0,749.5820150999989,734.734375
gcnn:baseline,depthK,1,medium,data/instances/setcover/transfer_1000r_1000c_0.05d/instance_7.lp,57851,65959,778.47,0.0,optimal,0,0,824.4556077000016,809.96875
gcnn:baseline,depthK,2,medium,data/instances/setcover/transfer_1000r_1000c_0.05d/instance_7.lp,52597,59661,718.46,0.0,optimal,0,0,758.8813182999984,747.75
gcnn:baseline,depthK,3,medium,data/instances/setcover/transfer_1000r_1000c_0.05d/instance_7.lp,61957,72232,859.61,0.0,optimal,0,0,909.6671004000018,894.453125
gcnn:baseline,depthK,4,medium,data/instances/setcover/transfer_1000r_1000c_0.05d/instance_7.lp,65923,77902,908.5,0.0,optimal,0,0,962.1370586999983,945.53125
gcnn:baseline,depthK2,0,medium,data/instances/setcover/transfer_1000r_1000c_0.05d/instance_7.lp,52236,58188,710.1,0.0,optimal,0,0,750.9926498999994,739.296875
gcnn:baseline,depthK2,1,medium,data/instances/setcover/transfer_1000r_1000c_0.05d/instance_7.lp,54442,63215,745.25,0.0,optimal,0,0,786.0904039000015,775.3125
gcnn:baseline,depthK2,2,medium,data/instances/setcover/transfer_1000r_1000c_0.05d/instance_7.lp,51335,58731,701.96,0.0,optimal,0,0,743.6620293999986,730.578125
gcnn:baseline,depthK2,3,medium,data/instances/setcover/transfer_1000r_1000c_0.05d/instance_7.lp,59744,66189,813.52,0.0,optimal,0,0,862.7147079999995,846.75
gcnn:baseline,depthK2,4,medium,data/instances/setcover/transfer_1000r_1000c_0.05d/instance_7.lp,48400,54532,661.47,0.0,optimal,0,0,697.5964510999984,688.703125
gcnn:baseline,depthK_adaptive,0,medium,data/instances/setcover/transfer_1000r_1000c_0.05d/instance_7.lp,55553,63235,760.44,0.0,optimal,0,0,802.9135962,790.75
gcnn:baseline,depthK_adaptive,1,medium,data/instances/setcover/transfer_1000r_1000c_0.05d/instance_7.lp,50863,57234,692.7,0.0,optimal,0,0,735.1863311000016,720.328125
gcnn:baseline,depthK_adaptive,2,medium,data/instances/setcover/transfer_1000r_1000c_0.05d/instance_7.lp,53155,59482,734.42,0.0,optimal,0,0,773.9505552999981,763.375
gcnn:baseline,depthK_adaptive,3,medium,data/instances/setcover/transfer_1000r_1000c_0.05d/instance_7.lp,50495,56971,723.43,0.0,optimal,0,0,762.8835558999999,753.0
gcnn:baseline,depthK_adaptive,4,medium,data/instances/setcover/transfer_1000r_1000c_0.05d/instance_7.lp,51445,56817,700.43,0.0,optimal,0,0,741.4564027000015,729.0625
gcnn:baseline,depthK_adaptive2,0,medium,data/instances/setcover/transfer_1000r_1000c_0.05d/instance_7.lp,54108,60374,737.29,0.0,optimal,0,0,778.418523700002,767.78125
gcnn:baseline,depthK_adaptive2,1,medium,data/instances/setcover/transfer_1000r_1000c_0.05d/instance_7.lp,56892,64755,808.05,0.0,optimal,0,0,853.7336335,841.1875
gcnn:baseline,depthK_adaptive2,2,medium,data/instances/setcover/transfer_1000r_1000c_0.05d/instance_7.lp,49836,55683,700.63,0.0,optimal,0,0,740.0420838000027,730.078125
gcnn:baseline,depthK_adaptive2,3,medium,data/instances/setcover/transfer_1000r_1000c_0.05d/instance_7.lp,42072,47494,578.25,0.0,optimal,0,0,609.8828292000035,601.015625
gcnn:baseline,depthK_adaptive2,4,medium,data/instances/setcover/transfer_1000r_1000c_0.05d/instance_7.lp,60272,68382,858.46,0.0,optimal,0,0,907.2603335999993,893.5625
